material,site,direction,bond_length_A,fft_spacing_A,r_peak_A,h_peak,M
"1,3CDMA",1,1,3.13848585452072,0.116506150793651,0.897468168460308,0.477359344574578,0.428414816672759
"1,3CDMA",1,2,3.13848585452072,0.116506150793651,0.897468168460308,0.477359344574578,0.428414816672759
"1,3CDMA",1,3,3.17452652382504,0.116506150793651,0.90152611703808,0.478093681462751,0.431013940229555
"1,3CDMA",1,4,3.17452652382504,0.116506150793651,0.90152611703808,0.478093681462751,0.431013940229555
"1,3CDMA",1,5,3.17497533248507,0.116506150793651,0.901650960175312,0.478538597507071,0.431474785923198
"1,3CDMA",1,6,3.17497533248507,0.116506150793651,0.901650960175312,0.478538597507071,0.431474785923198
"1,3CDMA",2,1,3.13848585452072,0.116506150793651,0.897468168460308,0.477359344574578,0.428414816672759
"1,3CDMA",2,2,3.13848585452072,0.116506150793651,0.897468168460308,0.477359344574578,0.428414816672759
"1,3CDMA",2,3,3.17452652382504,0.116506150793651,0.90152611703808,0.478093681462751,0.431013940229555
"1,3CDMA",2,4,3.17452652382504,0.116506150793651,0.90152611703808,0.478093681462751,0.431013940229555
"1,3CDMA",2,5,3.17497533248507,0.116506150793651,0.901650960175312,0.478538597507071,0.431474785923198
"1,3CDMA",2,6,3.17497533248507,0.116506150793651,0.901650960175312,0.478538597507071,0.431474785923198
"1,3CDMA",3,1,3.13848585452072,0.116506150793651,0.897468168460308,0.477359344574578,0.428414816672759
"1,3CDMA",3,2,3.13848585452072,0.116506150793651,0.897468168460308,0.477359344574578,0.428414816672759
"1,3CDMA",3,3,3.17452652382504,0.116506150793651,0.90152611703808,0.478093681462751,0.431013940229555
"1,3CDMA",3,4,3.17452652382504,0.116506150793651,0.90152611703808,0.478093681462751,0.431013940229555
"1,3CDMA",3,5,3.17497533248507,0.116506150793651,0.901650960175312,0.478538597507071,0.431474785923198
"1,3CDMA",3,6,3.17497533248507,0.116506150793651,0.901650960175312,0.478538597507071,0.431474785923198
"1,3CDMA",4,1,3.13848585452072,0.116506150793651,0.897468168460308,0.477359344574578,0.428414816672759
"1,3CDMA",4,2,3.13848585452072,0.116506150793651,0.897468168460308,0.477359344574578,0.428414816672759
"1,3CDMA",4,3,3.17452652382504,0.116506150793651,0.90152611703808,0.478093681462751,0.431013940229555
"1,3CDMA",4,4,3.17452652382504,0.116506150793651,0.90152611703808,0.478093681462751,0.431013940229555
"1,3CDMA",4,5,3.17497533248507,0.116506150793651,0.901650960175312,0.478538597507071,0.431474785923198
"1,3CDMA",4,6,3.17497533248507,0.116506150793651,0.901650960175312,0.478538597507071,0.431474785923198
4AMP,1,1,3.07463194207234,0.116943042328042,0.893833720087996,0.461643856983386,0.412632846043231
4AMP,1,2,3.10465736475101,0.116943042328042,0.896209975646068,0.460370680567186,0.412588796419282
4AMP,1,3,3.19300505019862,0.116943042328042,0.900624535650173,0.467521275279458,0.421061131455138
4AMP,1,4,3.26767847945975,0.116943042328042,0.907645945286272,0.481005001122968,0.43658223893168
4AMP,1,5,3.27115610365505,0.116943042328042,0.910551505035158,0.495129951644502,0.450841322657886
4AMP,1,6,3.2908095463607,0.116943042328042,0.908159695551788,0.497889503981523,0.452163180354291
4AMP,2,1,3.0746382572975,0.116943042328042,0.893832500078336,0.461655740120527,0.412642904367445
4AMP,2,2,3.10464726627675,0.116943042328042,0.896198692254565,0.460377380926017,0.412589606729478
4AMP,2,3,3.19317023548486,0.116943042328042,0.900647832249306,0.467512276881171,0.421063918722964
4AMP,2,4,3.26783019492441,0.116943042328042,0.907656932681031,0.48100084473446,0.436583751348665
4AMP,2,5,3.27114661311058,0.116943042328042,0.910556518789907,0.495120556507382,0.450835250314684
4AMP,2,6,3.29075834749154,0.116943042328042,0.90815032851165,0.497890223421606,0.45215916996307
4AMP,3,1,3.0745487692286,0.116943042328042,0.893824319500036,0.46165395812597,0.412637534966444
4AMP,3,2,3.10467713561357,0.116943042328042,0.896193188740092,0.460370010752916,0.412580467936966
4AMP,3,3,3.19341451233771,0.116943042328042,0.900663010071205,0.467568597683083,0.421121740604018
4AMP,3,4,3.26741978870596,0.116943042328042,0.90762299934597,0.480941969676829,0.436513993029442
4AMP,3,5,3.2711402509998,0.116943042328042,0.910568899999769,0.495122482100052,0.450843133891
4AMP,3,6,3.29067378577457,0.116943042328042,0.908152484516725,0.497896783587548,0.452166201047918
4AMP,4,1,3.07456952244558,0.116943042328042,0.893825438372408,0.461656620178108,0.412640430908221
4AMP,4,2,3.10470570737398,0.116943042328042,0.89620412441189,0.460375347677554,0.412590285366182
4AMP,4,3,3.19342296740573,0.116943042328042,0.900664235238916,0.467569154938333,0.42112281535384
4AMP,4,4,3.26743671840904,0.116943042328042,0.907624580494713,0.480944848317228,0.436517366195017
4AMP,4,5,3.27114345477623,0.116943042328042,0.910561803012016,0.495112153889661,0.450830215538933
4AMP,4,6,3.29070272728473,0.116943042328042,0.908153151428346,0.497897173222084,0.452166886948901
4AMP,5,1,3.04336457346824,0.116943042328042,0.890952893088496,0.45649262646373,0.406713426221426
4AMP,5,2,3.0999295565387,0.116943042328042,0.895933160446262,0.449427390951925,0.402656902766676
4AMP,5,3,3.15313691525996,0.116943042328042,0.900063249496686,0.471174674036505,0.424087008193839
4AMP,5,4,3.19960470959999,0.116943042328042,0.904252002261809,0.477907229631707,0.432148569289865
4AMP,5,5,3.30062145128691,0.116943042328042,0.90799198144006,0.497980986412089,0.452162742571788
4AMP,5,6,3.38221591654365,0.116943042328042,0.917326875313472,0.49884483899838,0.457603777424636
4AMP,6,1,3.0432730029043,0.116943042328042,0.890949733081214,0.456484438466348,0.406704688607321
4AMP,6,2,3.10008744644842,0.116943042328042,0.895945995056129,0.449443095282948,0.402676741224388
4AMP,6,3,3.1531711105068,0.116943042328042,0.900059238108218,0.47117106449817,0.424081869330861
4AMP,6,4,3.19959691292677,0.116943042328042,0.904252190170594,0.477912118167274,0.432153079561825
4AMP,6,5,3.3007250071897,0.116943042328042,0.907999609744218,0.498003472102387,0.452186958320233
4AMP,6,6,3.38204596733875,0.116943042328042,0.917299156508043,0.498819982876033,0.457567149541542
4AMP,7,1,3.04336346269002,0.116943042328042,0.890955943348418,0.456488297074579,0.406710961347594
4AMP,7,2,3.09992556229352,0.116943042328042,0.895934324207561,0.449426963153385,0.402657042513484
4AMP,7,3,3.15310543277274,0.116943042328042,0.900059912431731,0.471164604330607,0.424076372514738
4AMP,7,4,3.19966576879056,0.116943042328042,0.904255126563445,0.477917773641858,0.432159596891438
4AMP,7,5,3.30063783425167,0.116943042328042,0.907997489672131,0.497982294601868,0.452166673399664
4AMP,7,6,3.38224792112542,0.116943042328042,0.91732721270157,0.498843136405538,0.457602383894202
4AMP,8,1,3.04330251032174,0.116943042328042,0.890958476499176,0.456490278381271,0.406713882963262
4AMP,8,2,3.10003477071349,0.116943042328042,0.89594663955318,0.449438831395482,0.402673210673491
4AMP,8,3,3.15318656799096,0.116943042328042,0.900066838008786,0.471171172956882,0.424085547804191
4AMP,8,4,3.19957573375993,0.116943042328042,0.904249262889315,0.477905815600076,0.432145981486885
4AMP,8,5,3.30060300474137,0.116943042328042,0.907987905917108,0.497989262078591,0.452168227243946
4AMP,8,6,3.38209781310504,0.116943042328042,0.917300226451686,0.498830414896082,0.457577252545164
3AMP,1,1,3.1228375934959,0.115045308641975,0.899362043759479,0.476441715986796,0.428493595422158
3AMP,1,2,3.15161754936948,0.115045308641975,0.902092192134233,0.482134451701274,0.434929724438639
3AMP,1,3,3.15224936306247,0.115045308641975,0.900085073631492,0.471778653462953,0.424640924039968
3AMP,1,4,3.15418858822391,0.115045308641975,0.901753896687745,0.479243417516978,0.432159619207887
3AMP,1,5,3.16158655359897,0.115045308641975,0.898532219989495,0.473294517261352,0.425270373303699
3AMP,1,6,3.20789215327092,0.115045308641975,0.900777956088661,0.477511115305556,0.430131486454556
3AMP,2,1,3.12373478552413,0.115045308641975,0.899342445856467,0.473603555280129,0.42593177977195
3AMP,2,2,3.14439599732748,0.115045308641975,0.899129624467421,0.4717473516545,0.424162019136611
3AMP,2,3,3.15518047591592,0.115045308641975,0.896991791363164,0.472525695299704,0.423851669892006
3AMP,2,4,3.15696320125236,0.115045308641975,0.897997393249031,0.476503126996258,0.427898565917651
3AMP,2,5,3.16086173529387,0.115045308641975,0.903026086571359,0.482807197900678,0.435987494488733
3AMP,2,6,3.17294409224381,0.115045308641975,0.902236856100729,0.481833465634941,0.434727911198588
3AMP,3,1,3.12373478552413,0.115045308641975,0.899342445856467,0.473603555280129,0.42593177977195
3AMP,3,2,3.14439599732748,0.115045308641975,0.899129624467421,0.4717473516545,0.424162019136611
3AMP,3,3,3.15518047591592,0.115045308641975,0.896991791363164,0.472525695299704,0.423851669892006
3AMP,3,4,3.15696320125236,0.115045308641975,0.897997393249031,0.476503126996257,0.427898565917651
3AMP,3,5,3.16086173529387,0.115045308641975,0.903026086571359,0.482807197900678,0.435987494488733
3AMP,3,6,3.17294409224381,0.115045308641975,0.90223685610073,0.481833465634941,0.434727911198588
3AMP,4,1,3.1228375934959,0.115045308641975,0.89936204375948,0.476441715986796,0.428493595422158
3AMP,4,2,3.15161754936948,0.115045308641975,0.902092192134233,0.482134451701274,0.434929724438639
3AMP,4,3,3.15224936306247,0.115045308641975,0.900085073631492,0.471778653462953,0.424640924039968
3AMP,4,4,3.15418858822391,0.115045308641975,0.901753896687745,0.479243417516978,0.432159619207887
3AMP,4,5,3.16158655359897,0.115045308641975,0.898532219989495,0.473294517261352,0.425270373303699
3AMP,4,6,3.20789215327092,0.115045308641975,0.900777956088661,0.477511115305556,0.430131486454556
4AMPy,1,1,3.15030196751168,0.114263703703704,0.901106420713142,0.475294349522155,0.42829079008309
4AMPy,1,2,3.16049884191433,0.114263703703704,0.898194721995756,0.478196156876803,0.429513264185399
4AMPy,1,3,3.17027405337054,0.114263703703704,0.901212884337516,0.472295241293621,0.425638556665107
4AMPy,1,4,3.17835721454786,0.114263703703704,0.899272364375654,0.482419637383486,0.433826647931093
4AMPy,1,5,3.19503678305285,0.114263703703704,0.902705817030174,0.478190090171773,0.431664976044243
4AMPy,1,6,3.19645965476395,0.114263703703704,0.902974577817704,0.479877266206794,0.433316971857393
4AMPy,2,1,3.14531929760975,0.114263703703704,0.900657183726493,0.474986203158226,0.427799736045428
4AMPy,2,2,3.15891260816861,0.114263703703704,0.897755618764602,0.478594384402767,0.42966079770677
4AMPy,2,3,3.16377793633965,0.114263703703704,0.900425893265991,0.471071217049802,0.424164721403965
4AMPy,2,4,3.17533344326044,0.114263703703704,0.898908406743181,0.48181468001563,0.433107266358326
4AMPy,2,5,3.19476997165474,0.114263703703704,0.903078486177259,0.478770715712704,0.432367533171832
4AMPy,2,6,3.20556022062353,0.114263703703704,0.903528735020204,0.481045354194459,0.434638300362665
4AMPy,3,1,3.01274594139873,0.114263703703704,0.891021805391187,0.457797330196403,0.407907403654864
4AMPy,3,2,3.16773744629108,0.114263703703704,0.901094342653427,0.47326400473617,0.426455517249268
4AMPy,3,3,3.17121050496126,0.114263703703704,0.901218595306745,0.476001631304773,0.428981521528207
4AMPy,3,4,3.17625253866401,0.114263703703704,0.902482411827304,0.476180565851265,0.42974458553474
4AMPy,3,5,3.20998411621263,0.114263703703704,0.902985215222454,0.477455213225637,0.431134998473635
4AMPy,3,6,3.36009348451587,0.114263703703704,0.914375661038469,0.511408924431292,0.467619873337835
4AMPy,4,1,3.01007987874388,0.114263703703704,0.89156222730458,0.456423841521159,0.406930256741517
4AMPy,4,2,3.17346653124458,0.114263703703704,0.901761112993109,0.476480796682246,0.429671853536025
4AMPy,4,3,3.17436310861919,0.114263703703704,0.902351911979274,0.475706376861024,0.429254558701278
4AMPy,4,4,3.17799390399227,0.114263703703704,0.902430635625059,0.474974209223923,0.428631277535455
4AMPy,4,5,3.19608345357078,0.114263703703704,0.902261019225324,0.475732843431076,0.429235200193084
4AMPy,4,6,3.37066297996704,0.114263703703704,0.91558691913433,0.512857099954027,0.469565252103075
DGA,1,1,3.07932351275651,0.119412124871078,0.895563933539876,0.454247132611413,0.406807348880687
DGA,1,2,3.10574724291892,0.119412124871078,0.895669967700957,0.453477310646364,0.406166008179745
DGA,1,3,3.13449661456113,0.119412124871078,0.896685924753828,0.469889721165886,0.421343499155951
DGA,1,4,3.13840808803162,0.119412124871078,0.89678113257113,0.47158554260713,0.422909017003393
DGA,1,5,3.39633448094106,0.119412124871078,0.920681588934229,0.505284501472598,0.465206137679631
DGA,1,6,3.39989806537854,0.119412124871078,0.918936101256724,0.500677505341424,0.460090634745391
DGA,2,1,3.07930434659057,0.119412124871078,0.89555946967879,0.454247121996279,0.406805311678104
DGA,2,2,3.10579824195626,0.119412124871078,0.895668970857525,0.453478827779694,0.406166914983116
DGA,2,3,3.13446241068062,0.119412124871078,0.896679984516304,0.469895007711869,0.421345448239367
DGA,2,4,3.13839925441347,0.119412124871078,0.896789192437803,0.471587382335494,0.422914467768505
DGA,2,5,3.39643119381959,0.119412124871078,0.920702199412284,0.505293157394494,0.465224521361088
DGA,2,6,3.40019072449566,0.119412124871078,0.918954961178491,0.50068363231655,0.460105707898161
DGA,3,1,3.07927242162992,0.119412124871078,0.895555888658152,0.454248183502513,0.406804635647944
DGA,3,2,3.10587686850598,0.119412124871078,0.895678655509565,0.453492209640833,0.406183292615163
DGA,3,3,3.13442928484629,0.119412124871078,0.896682857244391,0.46989111230584,0.421343305176145
DGA,3,4,3.1384093942375,0.119412124871078,0.896779051249411,0.471591467837745,0.422913349104851
DGA,3,5,3.39637914469307,0.119412124871078,0.920689278679184,0.505286018206219,0.46521141962896
DGA,3,6,3.39980565818981,0.119412124871078,0.918926371101594,0.500645991490759,0.460056804167163
DGA,4,1,3.07930936736042,0.119412124871078,0.895551549929184,0.454247303438894,0.406801876645853
DGA,4,2,3.10599318938529,0.119412124871078,0.895686456617391,0.453497017083804,0.406191136318349
DGA,4,3,3.1344345104589,0.119412124871078,0.896672306735938,0.469888482071777,0.421335989127948
DGA,4,4,3.1384378195678,0.119412124871078,0.896794063036134,0.471595401271521,0.422923956015443
DGA,4,5,3.3963422560421,0.119412124871078,0.920691570609293,0.50528509186616,0.465211724835716
DGA,4,6,3.3999534360609,0.119412124871078,0.918928238616309,0.500646078166973,0.460057818780139
DGA,5,1,3.04654274421566,0.119412124871078,0.893299520345945,0.444241272023963,0.396840515216878
DGA,5,2,3.08039087109478,0.119412124871078,0.894599529985608,0.454006927763565,0.406154384187495
DGA,5,3,3.14281665387085,0.119412124871078,0.896429350141409,0.467784185530466,0.419335473441504
DGA,5,4,3.17606249136552,0.119412124871078,0.899377181157746,0.474530034540358,0.426781484839595
DGA,5,5,3.32025390072609,0.119412124871078,0.91439186591376,0.498584765645795,0.455901854175033
DGA,5,6,3.4577857729449,0.119412124871078,0.926011811803505,0.517354610558685,0.479076480268345
DGA,6,1,3.04649234133528,0.119412124871078,0.893302294277571,0.444242202349222,0.396842578573481
DGA,6,2,3.0803507394854,0.119412124871078,0.894587816172381,0.454005916755602,0.406148161599733
DGA,6,3,3.14281961993209,0.119412124871078,0.896414131018454,0.467783749863822,0.419327963638732
DGA,6,4,3.17604672816482,0.119412124871078,0.899387836311937,0.474525485484259,0.426782449664559
DGA,6,5,3.32023518293994,0.119412124871078,0.91439955133513,0.498595412954467,0.455915421903319
DGA,6,6,3.45778571510328,0.119412124871078,0.926017411704317,0.517356469034153,0.479081098383491
DGA,7,1,3.04649073860977,0.119412124871078,0.89330210308447,0.444240712820511,0.396841163038307
DGA,7,2,3.0803923035478,0.119412124871078,0.894593691130883,0.454000576720667,0.406146051704091
DGA,7,3,3.14285551841536,0.119412124871078,0.896427723184817,0.467786066583622,0.419336398605138
DGA,7,4,3.17604065380362,0.119412124871078,0.899375696485084,0.474522014674506,0.426773567445389
DGA,7,5,3.32027165185839,0.119412124871078,0.914402422660246,0.498588112590855,0.455910178062677
DGA,7,6,3.4577863244854,0.119412124871078,0.926017495202794,0.517364987419015,0.479089029755381
DGA,8,1,3.04650591490927,0.119412124871078,0.89330576773559,0.444242555771808,0.396844437344555
DGA,8,2,3.08040937920067,0.119412124871078,0.89460138286424,0.454009330522019,0.406157374918266
DGA,8,3,3.14283567429502,0.119412124871078,0.896426821453077,0.467785014408889,0.419335033589942
DGA,8,4,3.17604127274745,0.119412124871078,0.899379847446963,0.474527882661905,0.426780814717795
DGA,8,5,3.32025058078111,0.119412124871078,0.914384762320183,0.498584266199517,0.455897855745429
DGA,8,6,3.45782605111001,0.119412124871078,0.926014976566901,0.517366286712691,0.479088929866757
2AEPy,1,1,3.07684874067067,0.117075795151491,0.895845026273543,0.452920409445837,0.40574649609983
2AEPy,1,2,3.09921363060732,0.117075795151491,0.896521833320471,0.464955096631219,0.416842395643517
2AEPy,1,3,3.12248067657665,0.117075795151491,0.895189536371833,0.46682681578315,0.417898480786857
2AEPy,1,4,3.20582036554089,0.117075795151491,0.900827395241489,0.482166991663182,0.434349235171369
2AEPy,1,5,3.23957490218212,0.117075795151491,0.908102986382293,0.489551997926545,0.444563631306514
2AEPy,1,6,3.31353979193623,0.117075795151491,0.914417518763141,0.500788459202426,0.457929740289099
2AEPy,2,1,3.07684874067067,0.117075795151491,0.895845026273544,0.452920409445837,0.40574649609983
2AEPy,2,2,3.09921363060732,0.117075795151491,0.896521796459331,0.464955095649427,0.416842377624545
2AEPy,2,3,3.12248067657665,0.117075795151491,0.895189536371833,0.46682681578315,0.417898480786857
2AEPy,2,4,3.20582036554089,0.117075795151491,0.90082739524149,0.482166991663182,0.434349235171369
2AEPy,2,5,3.23957490218212,0.117075795151491,0.908102986382294,0.489551997926545,0.444563631306514
2AEPy,2,6,3.31353979193623,0.117075795151491,0.914417518763141,0.500788459202426,0.457929740289099
2AEPy,3,1,3.07684874067067,0.117075795151491,0.895845026273544,0.452920409445837,0.40574649609983
2AEPy,3,2,3.09921363060732,0.117075795151491,0.896521833320471,0.464955096631219,0.416842395643517
2AEPy,3,3,3.12248067657665,0.117075795151491,0.895189536371833,0.46682681578315,0.417898480786858
2AEPy,3,4,3.20582036554089,0.117075795151491,0.900827395241489,0.482166991663182,0.434349235171369
2AEPy,3,5,3.23957490218212,0.117075795151491,0.908102986382293,0.489551997926545,0.444563631306514
2AEPy,3,6,3.31353979193623,0.117075795151491,0.914417518763141,0.500788459202426,0.457929740289099
2AEPy,4,1,3.07684874067067,0.117075795151491,0.895845026273544,0.452920409445837,0.40574649609983
2AEPy,4,2,3.09921363060732,0.117075795151491,0.896521796459331,0.464955095649427,0.416842377624545
2AEPy,4,3,3.12248067657665,0.117075795151491,0.895189536371833,0.466826815783151,0.417898480786858
2AEPy,4,4,3.20582036554089,0.117075795151491,0.900827395241489,0.482166991663182,0.434349235171369
2AEPy,4,5,3.23957490218212,0.117075795151491,0.908102986382293,0.489551997926545,0.444563631306514
2AEPy,4,6,3.31353979193623,0.117075795151491,0.914417518763141,0.500788459202426,0.457929740289099
4AEPy,1,1,3.05654367242961,0.117255514298621,0.89123924302865,0.460323153712721,0.410258059063486
4AEPy,1,2,3.10979898166154,0.117255514298621,0.89649243219843,0.461784558483056,0.413986361986153
4AEPy,1,3,3.12008640991922,0.117255514298621,0.898731969618854,0.471114205342865,0.423405397683214
4AEPy,1,4,3.16477897304772,0.117255514298621,0.90272743793482,0.479482079263778,0.432841628949451
4AEPy,1,5,3.23648678199807,0.117255514298621,0.907322024886335,0.488774287012021,0.443475675804121
4AEPy,1,6,3.25741181855905,0.117255514298621,0.905110919394201,0.494472781590131,0.447552713960451
4AEPy,2,1,3.05656929478321,0.117255514298621,0.891226186117114,0.460327650465153,0.41025605628831
4AEPy,2,2,3.10980748095245,0.117255514298621,0.896492000318662,0.461787145009769,0.413988481351251
4AEPy,2,3,3.12010815160736,0.117255514298621,0.898730409241157,0.471124194989575,0.423413640566391
4AEPy,2,4,3.16475774891542,0.117255514298621,0.902725557020971,0.479480972782696,0.432839728236216
4AEPy,2,5,3.23648044029709,0.117255514298621,0.907314830737215,0.488774013168989,0.443471911027171
4AEPy,2,6,3.25742859070687,0.117255514298621,0.905116140482713,0.494463143330995,0.447546571902701
4AEPy,3,1,3.05658527581498,0.117255514298621,0.891240932469765,0.460327574147083,0.410262776424391
4AEPy,3,2,3.10984037724962,0.117255514298621,0.896490456265336,0.461787204349824,0.413987821525068
4AEPy,3,3,3.12011044744999,0.117255514298621,0.898731782173668,0.471117459200156,0.423408233720087
4AEPy,3,4,3.16475640015598,0.117255514298621,0.902724290541124,0.479481377741168,0.432839486549077
4AEPy,3,5,3.23647842881288,0.117255514298621,0.907323079267076,0.488771695537356,0.443473839853543
4AEPy,3,6,3.25742750354612,0.117255514298621,0.90511238949323,0.494462795479982,0.447544402332389
4AEPy,4,1,3.05656621370162,0.117255514298621,0.891225874612471,0.460327661112341,0.41025592238316
4AEPy,4,2,3.10980392320613,0.117255514298621,0.896492618246375,0.461787152470568,0.413988773390877
4AEPy,4,3,3.12004224973971,0.117255514298621,0.898727484858304,0.47110803845339,0.423397742495745
4AEPy,4,4,3.16482273203888,0.117255514298621,0.902727944220695,0.479491461749348,0.432850341536365
4AEPy,4,5,3.23644186160085,0.117255514298621,0.907314428544014,0.488773132649634,0.44347091553767
4AEPy,4,6,3.2574514858402,0.117255514298621,0.905116012299704,0.494462489403691,0.447545916640854
BDA,1,1,3.15693610420536,0.116198815778715,0.89861215074054,0.479811682090733,0.43116460759399
BDA,1,2,3.15703477336947,0.116198815778715,0.898588605998591,0.479833010344623,0.431172475877682
BDA,1,3,3.18492557696706,0.116198815778715,0.901868265319471,0.476335369308026,0.429591753228139
BDA,1,4,3.1851428171641,0.116198815778715,0.901817656245652,0.476455735934934,0.42967619508564
BDA,1,5,3.19896990370203,0.116198815778715,0.903047886667149,0.476351004556525,0.430167767976543
BDA,1,6,3.19995441365187,0.116198815778715,0.903081005721213,0.476273907209713,0.430113919121719
BDA,2,1,3.17615624257754,0.116198815778715,0.901564480656297,0.477802343380088,0.430769621565831
BDA,2,2,3.17730785847065,0.116198815778715,0.901653033274382,0.47783625678893,0.430842510342215
BDA,2,3,3.17862582446459,0.116198815778715,0.899887340714052,0.479250460268988,0.431271422227445
BDA,2,4,3.17904091623153,0.116198815778715,0.899889403663466,0.479302170925288,0.431318944768562
BDA,2,5,3.19417185218264,0.116198815778715,0.902212644200699,0.476121749656793,0.429563062719318
BDA,2,6,3.19479685731722,0.116198815778715,0.902218033565332,0.476077258036337,0.429525487570719
OBE,1,1,3.08733464494691,0.117026952819268,0.896206875039559,0.458098154115113,0.410550715160895
OBE,1,2,3.09560888020602,0.117026952819268,0.894215250008497,0.468042534318746,0.418530771840448
OBE,1,3,3.15692725332169,0.117026952819268,0.900203347044825,0.469146458394249,0.422327212100729
OBE,1,4,3.19576516600238,0.117026952819268,0.903235310333743,0.479418879783648,0.433028060661238
OBE,1,5,3.19978963969207,0.117026952819268,0.90131565201409,0.488320724937397,0.440131112588944
OBE,1,6,3.29524748171866,0.117026952819268,0.911544614382479,0.494347892751013,0.450620159268513
OBE,2,1,3.08736624764468,0.117026952819268,0.896205647375778,0.458096193576858,0.410548395724928
OBE,2,2,3.095664845937,0.117026952819268,0.894213320807355,0.468029512050694,0.418518224206697
OBE,2,3,3.15696102957408,0.117026952819268,0.900206832594658,0.469149646358062,0.422331717160895
OBE,2,4,3.19581146922248,0.117026952819268,0.903236727897924,0.479416982162521,0.433027026267173
OBE,2,5,3.19993985003663,0.117026952819268,0.901323621462949,0.488321818452778,0.440135989847231
OBE,2,6,3.29524871205863,0.117026952819268,0.911545527132219,0.49434637349032,0.450619225609134
OBE,3,1,3.08739330717632,0.117026952819268,0.896208576598697,0.458102059429816,0.410554994618527
OBE,3,2,3.09565211692885,0.117026952819268,0.894221388460093,0.468038164260507,0.418529737097343
OBE,3,3,3.1568970785652,0.117026952819268,0.900200602454071,0.469156561289367,0.422335019117969
OBE,3,4,3.19568800536142,0.117026952819268,0.903232269753294,0.479417535758508,0.433025388982688
OBE,3,5,3.19988595250166,0.117026952819268,0.901313065243268,0.488320953535722,0.440130055453797
OBE,3,6,3.2952456588069,0.117026952819268,0.911537236575022,0.494336511321348,0.450606137467999
OBE,4,1,3.0873599952739,0.117026952819268,0.896210357591903,0.458098704052693,0.410552803371451
OBE,4,2,3.09554273478139,0.117026952819268,0.894213675734041,0.468025372689673,0.418514688849627
OBE,4,3,3.15692120823044,0.117026952819268,0.900205358810022,0.469161084454673,0.422341322371218
OBE,4,4,3.19567267761536,0.117026952819268,0.903223470043012,0.479410554809778,0.433014864890533
OBE,4,5,3.19992183997618,0.117026952819268,0.901311829151548,0.488322666524936,0.440130995781751
OBE,4,6,3.29523431785228,0.117026952819268,0.9115444054802,0.494347654455774,0.45061983878142
AEP,1,1,2.98135829014187,0.117642282555047,0.892143681886189,0.441934429888912,0.394269009433368
AEP,1,2,3.16559629126322,0.117642282555047,0.897605023491064,0.470933068176128,0.422711887722952
AEP,1,3,3.21470474454242,0.117642282555047,0.902686780603224,0.465361401598792,0.420075585426218
AEP,1,4,3.21930667295846,0.117642282555047,0.901098320127571,0.476971593348697,0.429798301515082
AEP,1,5,3.23674541989391,0.117642282555047,0.904939878415148,0.472893928197576,0.427940573886376
AEP,1,6,3.52972399525302,0.117642282555047,0.930848478774448,0.525412899182287,0.489079797932304
AEP,2,1,3.03466933844681,0.117642282555047,0.893417929230144,0.445690699295698,0.398188061641897
AEP,2,2,3.09987945319452,0.117642282555047,0.895073855151616,0.450902863489001,0.403591364322003
AEP,2,3,3.12347711239532,0.117642282555047,0.895164797986185,0.464564550325282,0.415861831843474
AEP,2,4,3.25125591518318,0.117642282555047,0.9047920142837,0.485096034767216,0.438911018418065
AEP,2,5,3.35390384230311,0.117642282555047,0.916118743339856,0.495825989135274,0.454235482081848
AEP,2,6,3.39267516017889,0.117642282555047,0.921411827328409,0.513019771583731,0.472702485190569
AEP,3,1,2.98143897017605,0.117642282555047,0.8920435552961,0.441933294184667,0.394223746948207
AEP,3,2,3.16552341471926,0.117642282555047,0.897593827602188,0.470926238245354,0.422700484704948
AEP,3,3,3.21435547401977,0.117642282555047,0.90266004971831,0.465306523054177,0.420013609234338
AEP,3,4,3.21929664698691,0.117642282555047,0.901101861778408,0.476973567681241,0.429801769856656
AEP,3,5,3.23708859452061,0.117642282555047,0.904968740266571,0.472958782027301,0.428012913169259
AEP,3,6,3.52971902795996,0.117642282555047,0.930846985220982,0.525406008465836,0.489072598997413
AEP,4,1,3.03457743732576,0.117642282555047,0.893420082927427,0.445672349326712,0.398172627293932
AEP,4,2,3.10006924469649,0.117642282555047,0.895083014764502,0.450931481976717,0.403621110339945
AEP,4,3,3.12362403514614,0.117642282555047,0.895177247179904,0.464583452367929,0.415884535976059
AEP,4,4,3.25105388279835,0.117642282555047,0.904773221256354,0.485070167067831,0.438878497593319
AEP,4,5,3.35367862077576,0.117642282555047,0.916101304581176,0.495786606573933,0.454190757076254
AEP,4,6,3.39274662232747,0.117642282555047,0.921418417681278,0.51304616898149,0.472730189220366
HDA,1,1,3.14878982488039,0.117034611559377,0.896928581284278,0.478919655531408,0.429556727184941
HDA,1,2,3.14878982488039,0.117034611559377,0.896928556324477,0.478919540864193,0.429556612382902
HDA,1,3,3.18310143718301,0.117034611559377,0.901224962345198,0.477447421874356,0.430287534800528
HDA,1,4,3.18310143718301,0.117034611559377,0.901228509882316,0.477447662067029,0.430289445031464
HDA,1,5,3.19208663444705,0.117034611559377,0.902810655410583,0.476504824283958,0.430193632718104
HDA,1,6,3.19208663444705,0.117034611559377,0.902810655410583,0.476504824283958,0.430193632718104
HDA,2,1,3.14878982488039,0.117034611559377,0.896928581284278,0.478919655531408,0.429556727184941
HDA,2,2,3.14878982488039,0.117034611559377,0.896928581284278,0.478919655531408,0.429556727184941
HDA,2,3,3.18310822078526,0.117034611559377,0.901228613635412,0.477447649904767,0.430289483607159
HDA,2,4,3.18310822078526,0.117034611559377,0.901225274931949,0.477447517816628,0.430287770509867
HDA,2,5,3.19209087205646,0.117034611559377,0.902810648288101,0.476504850578775,0.430193653063449
HDA,2,6,3.19209087205646,0.117034611559377,0.902810648288101,0.476504850578775,0.430193653063449
DAN,1,1,3.14508147165307,0.115746991358108,0.896673430267311,0.479192632612321,0.429679301643313
DAN,1,2,3.14508147165307,0.115746991358108,0.896679677712431,0.479190654593113,0.429680521723362
DAN,1,3,3.19087919462283,0.115746991358108,0.902505990555427,0.475992945642229,0.429586484904236
DAN,1,4,3.19087919462283,0.115746991358108,0.902506147269548,0.475992922354973,0.42958653848216
DAN,1,5,3.20450828967375,0.115746991358108,0.903305001223486,0.476388888198023,0.430324465236571
DAN,1,6,3.20450828967375,0.115746991358108,0.903305919042745,0.476388864604882,0.430324881163642
DAN,2,1,3.14508147165307,0.115746991358108,0.896673430899048,0.479192632632648,0.429679301964263
DAN,2,2,3.14508147165307,0.115746991358108,0.896673430899048,0.479192632632648,0.429679301964263
DAN,2,3,3.19087919462283,0.115746991358108,0.902506147269548,0.475992922354973,0.42958653848216
DAN,2,4,3.19087919462283,0.115746991358108,0.902505990555427,0.475992945642229,0.429586484904236
DAN,2,5,3.20450828967375,0.115746991358108,0.903305001223486,0.476388888198023,0.430324465236571
DAN,2,6,3.20450828967375,0.115746991358108,0.903305919042745,0.476388864604882,0.430324881163642
"1,4CDMA",1,1,3.15235693557495,0.114525834315547,0.90091677685652,0.477148650693884,0.429871224464571
"1,4CDMA",1,2,3.15236271643315,0.114525834315547,0.900924045883674,0.477150219171882,0.429876105950614
"1,4CDMA",1,3,3.16032211344025,0.114525834315547,0.900690605995394,0.47748286262062,0.430064328886182
"1,4CDMA",1,4,3.1603795101211,0.114525834315547,0.900620129278759,0.477493023428093,0.430039828489515
"1,4CDMA",1,5,3.19579107933248,0.114525834315547,0.899659689671699,0.477272636846756,0.429382952354345
"1,4CDMA",1,6,3.19581840425287,0.114525834315547,0.899656214052828,0.477270498435406,0.429379369701504
"1,4CDMA",2,1,3.15233758992601,0.114525834315547,0.900914373852694,0.477144135757165,0.429866010303152
"1,4CDMA",2,2,3.1523621611115,0.114525834315547,0.900918068323551,0.477154798307896,0.429877379182863
"1,4CDMA",2,3,3.16034578336166,0.114525834315547,0.90068994925522,0.477491802523771,0.430072067384919
"1,4CDMA",2,4,3.16036277639131,0.114525834315547,0.90069828680393,0.47749251491772,0.43007669014809
"1,4CDMA",2,5,3.19578537475226,0.114525834315547,0.89964856663885,0.477270748714605,0.429375944979745
"1,4CDMA",2,6,3.19582318473855,0.114525834315547,0.89966627712665,0.477270787151249,0.42938443225767
